fbus,tbus,r,x,b,rateA,rateB,rateC,ratio,angle,status,angmin,angmax
1,3,0.00281,0.0281,0.00712,500,500,500,0,0,1,-360,360
1,2,0.00281,0.0281,0.00712,500,500,500,0,0,1,-360,360
2,3,0.00281,0.0281,0.00712,500,500,500,0,0,1,-360,360