connNode	c2	c1	c0	PgMax	PgMin	RgMax	RgMin	PgPrev
1	0.0775795	20	0	575.88	0	20	-20	185.295
2	0.01	40	0	100	0	15	-15	100
3	0.25	20	0	140	0	30	-30	54.1054
6	0.01	40	0	100	0	10	-10	46.5345
8	0.0222222	20	0	550	0	20	-20	350.154
9	0.01	40	0	100	0	10	-10	100
12	0.0322581	20	0	410	0	40	-40	410
