fromNode	toNode	Resistance	Reactance	ContingencyMarked	Capacity
1	2	0.01938	0.05917	1	10000
1	3	0.01938	0.05917	1	10000
2	3	0.01938	0.05917	1	10000
